{"Fid":"e-v8LKmxShOky16X_lUAcc","Status":3,"AuthToken":"eyJhbGciOiJFUzI1NiIsInR5cCI6IkpXVCJ9.eyJhcHBJZCI6IjE6NDM2MDYyMTYyOTI4OmFuZHJvaWQ6OTdmOGEyMzBmYmYzNjkzZWI0MTczNSIsImV4cCI6MTc2ODU3ODQ2NCwiZmlkIjoiZS12OExLbXhTaE9reTE2WF9sVUFjYyIsInByb2plY3ROdW1iZXIiOjQzNjA2MjE2MjkyOH0.AB2LPV8wRgIhAJ7hSrijNWuPXDmYqahu8DR_zUpPlvmYnhJs1U7i7NP-AiEAwQaGSUt-sVBjixslPb7LS8CfM_Yb_Ued-6d-B6YNXO4","RefreshToken":"3_AS3qfwJUj6T8zZHqJEmEKWKHewI5U_LJElnu-ScSiqiTnI9Y0-LlHms9_f2ZiVSj2cg7xI44MF9WlYTi2QvwwhEHUw2sSNF3izN3ypX7Ysf4y2s","TokenCreationEpochInSecs":1767973663,"ExpiresInSecs":604800}