<?xml version='1.0' encoding='utf-8' standalone='yes' ?>
<map>
    <string name="https://pwthor.site/generate.php">PHPSESSID=90bcf4c9cccecc1c6125ce508e321995; permanent_user_id=694aa049140a99.23959013; user_key=80d779c958947c2d81717a25</string>
    <string name="https://pwthor.site/pw.php">PHPSESSID=90bcf4c9cccecc1c6125ce508e321995; permanent_user_id=694aa049140a99.23959013; user_key=80d779c958947c2d81717a25</string>
    <string name="https://arolinks.com/uEjmDl">AppSession=b934a40c0cb3d6897ca7413335bafd91; refpwthoraff7ac=ZTM1MDQxZTljZTYyMjU2NWQ4ODlhNmZhZmZiZWIxYmM1M2Q0N2Q0MzQwMjMzZTk0MmYxY2QzZjc5OTNiMjNkMK7EwCr3b3A%2BDhVaGgu7%2B4XufiAGy8xl5blZ4RqwbhXZgcrT44FPVtDtwIq5r%2FFORQ%3D%3D; refuEjmDl=MTkxMGE1MWRhZWRlMmQ3N2U5ZTljMjE0NTQ3MDQyNzY2NzUwODk3ZWU4MTk5YjUxNDhiZjVlN2U0ZDk1MzM3Yvx4dBWlfPmyjFqdjVe5JYL17zpSlk8GxkYa5wEZPCrBlKuhQA52CbkZu%2FsyzOZzHiKFRqlWnxGk2IPhucrBV5g%3D</string>
    <string name="https://arolinks.com/dvBLb">AppSession=b934a40c0cb3d6897ca7413335bafd91; refpwthoraff7ac=ZTM1MDQxZTljZTYyMjU2NWQ4ODlhNmZhZmZiZWIxYmM1M2Q0N2Q0MzQwMjMzZTk0MmYxY2QzZjc5OTNiMjNkMK7EwCr3b3A%2BDhVaGgu7%2B4XufiAGy8xl5blZ4RqwbhXZgcrT44FPVtDtwIq5r%2FFORQ%3D%3D; refuEjmDl=MTkxMGE1MWRhZWRlMmQ3N2U5ZTljMjE0NTQ3MDQyNzY2NzUwODk3ZWU4MTk5YjUxNDhiZjVlN2U0ZDk1MzM3Yvx4dBWlfPmyjFqdjVe5JYL17zpSlk8GxkYa5wEZPCrBlKuhQA52CbkZu%2FsyzOZzHiKFRqlWnxGk2IPhucrBV5g%3D; refdvBLb=MTJhNzNhNjEzNTE3YTIxMDQ1MWRlOGM5MWFiMGQ1YjYxMmIxZDc4NTBhODhhMjViOTM1MWM2ZThhMmI3NDhmYqQDt3l%2Fdz16l%2B3tXq%2F65%2Bq0m3LdUg6Ryb1bwvQFTQZ7pKXWmhIjJo7UUoyH0xKFPy6vbOfeE2oZj1GzaqGVJLU%3D</string>
    <string name="https://arolinks.com/pwthoraff7ac">AppSession=b934a40c0cb3d6897ca7413335bafd91; refpwthoraff7ac=ZTM1MDQxZTljZTYyMjU2NWQ4ODlhNmZhZmZiZWIxYmM1M2Q0N2Q0MzQwMjMzZTk0MmYxY2QzZjc5OTNiMjNkMK7EwCr3b3A%2BDhVaGgu7%2B4XufiAGy8xl5blZ4RqwbhXZgcrT44FPVtDtwIq5r%2FFORQ%3D%3D</string>
    <string name="https://pwthor.site/key.php">PHPSESSID=90bcf4c9cccecc1c6125ce508e321995; permanent_user_id=694aa049140a99.23959013; user_key=80d779c958947c2d81717a25</string>
</map>
