<?xml version='1.0' encoding='utf-8' standalone='yes' ?>
<map>
    <long name="sites_visited_weekly_time" value="1765542918611" />
    <set name="related_sites_visited_weekly_set" />
    <string name="origins_visited_date">12/12/25</string>
    <set name="sites_visited_weekly_set">
        <string>2737383513</string>
        <string>184895871</string>
        <string>1803447856</string>
        <string>3734273592</string>
        <string>605597178</string>
        <string>1364078701</string>
        <string>1145003050</string>
    </set>
    <set name="origins_visited_set">
        <string>1119875210</string>
        <string>2733053922</string>
        <string>2879656757</string>
        <string>4008061354</string>
        <string>3026509755</string>
        <string>2624817565</string>
        <string>3095270781</string>
        <string>933966320</string>
    </set>
</map>
