<?xml version='1.0' encoding='utf-8' standalone='yes' ?>
<map>
    <long name="fire-count" value="2" />
    <string name="last-used-date">2026-01-01</string>
    <long name="fire-global" value="1767251293002" />
    <set name="kotlin/2.0.21 device-model/RE5CA3L1 fire-transport/18.2.0 fire-installations/18.0.0 device-brand/realme fire-android/35 fire-core/21.0.0 fire-core-ktx/21.0.0 android-installer/com.google.android.packageinstaller android-min-sdk/21 android-platform/ fire-fcm/24.0.1 device-name/RMX3987IN android-target-sdk/34">
        <string>2025-12-31</string>
    </set>
</map>
