{"Fid":"fq_FKeQCQ1Gy43lVbFm-P2","Status":3,"AuthToken":"eyJhbGciOiJFUzI1NiIsInR5cCI6IkpXVCJ9.eyJhcHBJZCI6IjE6NDM2MDYyMTYyOTI4OmFuZHJvaWQ6OTdmOGEyMzBmYmYzNjkzZWI0MTczNSIsImV4cCI6MTc2NzM1NTQ1MywiZmlkIjoiZnFfRktlUUNRMUd5NDNsVmJGbS1QMiIsInByb2plY3ROdW1iZXIiOjQzNjA2MjE2MjkyOH0.AB2LPV8wRQIhAOID7h8vFxKbzbQzZ05evkO9eA4X2xuVC95A8gX3xHgeAiB1NNeoy_uIdVSOMLZrmGXdUP9_nehK2cIhy3HMRgjsvA","RefreshToken":"3_AS3qfwLLfW3KAaqhA05GrSZSrpsm3hZ9G4evmm-7WAP4iAr4ncU-_GmEK-rRNOWOKsrun-oFICFrcAYNBJnmV9fJSY6dzWvsl2ehnaBWxzPaaIE","TokenCreationEpochInSecs":1766750652,"ExpiresInSecs":604800}