{"Fid":"d406JuRbQvSDcTyhaOJQ3c","Status":3,"AuthToken":"eyJhbGciOiJFUzI1NiIsInR5cCI6IkpXVCJ9.eyJhcHBJZCI6IjE6NDM2MDYyMTYyOTI4OmFuZHJvaWQ6OTdmOGEyMzBmYmYzNjkzZWI0MTczNSIsImV4cCI6MTc2OTAwNTkyOCwiZmlkIjoiZDQwNkp1UmJRdlNEY1R5aGFPSlEzYyIsInByb2plY3ROdW1iZXIiOjQzNjA2MjE2MjkyOH0.AB2LPV8wRQIhAPgVPK4b74cN774w0lY8Go6JBPn5TRLB62m_fLzDohveAiALOQMIHBPCAypv7vhVNQ6WSA6aXklX1yTxQAbdXcobDg","RefreshToken":"3_AS3qfwKHx-TObiUx6SUjfYUaMFZf0NbdygwbY20vCrMdUWmw6sF-W7RkNnXfw1AHlQpygnEN_ht51-D12Ejlv6mdlcx2L_bRa69gX3i_F0X1uwo","TokenCreationEpochInSecs":1768401128,"ExpiresInSecs":604800}