{"Fid":"eGrupWZYQvSDgsDHsRL8XM","Status":3,"AuthToken":"eyJhbGciOiJFUzI1NiIsInR5cCI6IkpXVCJ9.eyJhcHBJZCI6IjE6NDM2MDYyMTYyOTI4OmFuZHJvaWQ6OTdmOGEyMzBmYmYzNjkzZWI0MTczNSIsImV4cCI6MTc2NzEwMzE3MywiZmlkIjoiZUdydXBXWllRdlNEZ3NESHNSTDhYTSIsInByb2plY3ROdW1iZXIiOjQzNjA2MjE2MjkyOH0.AB2LPV8wRQIhAJ50DZGT5POnz0xKg_7lPWAtwYZeEOyWkoFVFBrSub9EAiBgfqKogs0WlS7BG7J98yxI9GDrGaEFbh1lnQj5myVQ1g","RefreshToken":"3_AS3qfwIWrRnJCGN2UMq5EYb9k51O18RdFG9nQDBcyRb4ozujQV8vMsde1Gt-gbWGtIVNOMOyOjymIkQz_i-CAfo9NjEcRfDYdmDLa9gvH4_GsA","TokenCreationEpochInSecs":1766498372,"ExpiresInSecs":604800}