{"Fid":"etxDy11kQ4mCwr0i-4ME-4","Status":3,"AuthToken":"eyJhbGciOiJFUzI1NiIsInR5cCI6IkpXVCJ9.eyJhcHBJZCI6IjE6NDM2MDYyMTYyOTI4OmFuZHJvaWQ6OTdmOGEyMzBmYmYzNjkzZWI0MTczNSIsImV4cCI6MTc2NzUxNjU0NSwiZmlkIjoiZXR4RHkxMWtRNG1Dd3IwaS00TUUtNCIsInByb2plY3ROdW1iZXIiOjQzNjA2MjE2MjkyOH0.AB2LPV8wRQIhAItsgB5c85JdYjXhCnJJkUsHuhucmmS9GyTzoGVuPYgUAiAD81HKAjBGwIMXr48MnFI-VFCtmlT-5d4ls41qFFNbDQ","RefreshToken":"3_AS3qfwJnVGA9HiVWzlNYCRGqYiTSK2SKX8bwpArNSrpeCHeYTFqdnwxmyIT5JabN-OsOnYlWIrrAS7ig79IgoZZKI7FbEqWsZo0N-FLcFlnG4No","TokenCreationEpochInSecs":1766911746,"ExpiresInSecs":604800}