<?xml version='1.0' encoding='utf-8' standalone='yes' ?>
<map>
    <set name="kotlin/2.0.21 fire-installations/18.0.0 fire-transport/18.2.0 device-model/m23xq device-brand/samsung fire-android/34 fire-core/21.0.0 device-name/m23xqdd fire-core-ktx/21.0.0 android-installer/com.google.android.packageinstaller android-platform/ android-min-sdk/21 fire-fcm/24.0.1 android-target-sdk/34">
        <string>2026-01-14</string>
    </set>
    <long name="fire-count" value="1" />
    <string name="last-used-date">2026-01-14</string>
    <long name="fire-global" value="1768401125363" />
</map>
