{"Fid":"exWI51dHT6qDDJWnujsH3-","Status":3,"AuthToken":"eyJhbGciOiJFUzI1NiIsInR5cCI6IkpXVCJ9.eyJhcHBJZCI6IjE6NDM2MDYyMTYyOTI4OmFuZHJvaWQ6OTdmOGEyMzBmYmYzNjkzZWI0MTczNSIsImV4cCI6MTc2NjM5NDAxMSwiZmlkIjoiZXhXSTUxZEhUNnFEREpXbnVqc0gzLSIsInByb2plY3ROdW1iZXIiOjQzNjA2MjE2MjkyOH0.AB2LPV8wRAIgVjHU0dSC-R26DWwG4NYPWM_vC07qkMaFufcaigwwR3wCIGphC7O4-6_NdRv2W5hTrGx8gUO3TNId7vtg2uTH7e0y","RefreshToken":"3_AS3qfwL1jPs1ffdxlZZMU80dP7GW-jWtSHEu1acY5-ByzPUgLp-gpnQziVYjjmLkWy2KxVO7aPCe0t-JdCkeufXiw8wTq-NlqP-e4rLFEB2M_wQ","TokenCreationEpochInSecs":1765789211,"ExpiresInSecs":604800}