{"Fid":"cHG82szTQaK3p34s6QAxbd","Status":3,"AuthToken":"eyJhbGciOiJFUzI1NiIsInR5cCI6IkpXVCJ9.eyJhcHBJZCI6IjE6NDM2MDYyMTYyOTI4OmFuZHJvaWQ6OTdmOGEyMzBmYmYzNjkzZWI0MTczNSIsImV4cCI6MTc2ODM5NjQ5MSwiZmlkIjoiY0hHODJzelRRYUszcDM0czZRQXhiZCIsInByb2plY3ROdW1iZXIiOjQzNjA2MjE2MjkyOH0.AB2LPV8wRgIhANfEfNY8VNhtshhcX8gcup1JAxA1jc4hIvbeKLh32i9lAiEA-nNyFxGj_JR2DI9t-wPxEUJHbCsBV6lUO0Ubb2TPDW0","RefreshToken":"3_AS3qfwKfKK5n8IpYJjwkhDRGj0oGJ64kvhr4wyL-LhRk8BE89qt8fzzchLSk3hlJl97CSgzJUXxnokoyVkDVTsHYgVU03eObwNhEV87n_1q6Mw","TokenCreationEpochInSecs":1767791690,"ExpiresInSecs":604800}