{"Fid":"f93te8wOQPOlCLB0S_ncnr","Status":3,"AuthToken":"eyJhbGciOiJFUzI1NiIsInR5cCI6IkpXVCJ9.eyJhcHBJZCI6IjE6NDM2MDYyMTYyOTI4OmFuZHJvaWQ6OTdmOGEyMzBmYmYzNjkzZWI0MTczNSIsImV4cCI6MTc2NjMxNzcyNywiZmlkIjoiZjkzdGU4d09RUE9sQ0xCMFNfbmNuciIsInByb2plY3ROdW1iZXIiOjQzNjA2MjE2MjkyOH0.AB2LPV8wRQIhALs_kUCcpXtJUjXFUJ6CSYrUR3ccHDK7H8WhBaA6D7y5AiAboXlk7RDTzeWhLG6ap_vXfmFp2inFb5Bg4Wt2W1_Ulw","RefreshToken":"3_AS3qfwJdwwqKxZ0mNs-adxPhkuOlBikecfTNWatI9dVHwuhjIhAvTlcZAGTP9N1y6ICnBU0OfD6rsz4fYcMHFb9GTp0gLs4qfPtQzqGO--gEsQ","TokenCreationEpochInSecs":1765712926,"ExpiresInSecs":604800}