<?xml version='1.0' encoding='utf-8' standalone='yes' ?>
<map>
    <string name="https://arolinks.com/67SN1">AppSession=405be1b1ef857a6692fa3b46928670cc; refpwthor7bfb21=NWVhYWI2NTAzYjVkODA5N2VlMWY1ZmVhZTQ5Yjc1MTgwMDVjY2Q0OWZmYjRmOGY0ZWMzZTRmMjE1ZTgwNDFhZj5Av59uWDj2heS%2BTjoKx6bslBQL%2FQk9Z9ouw9089wjw6n7TaEmfrRE9lvsoiPL3%2Bw%3D%3D; refLVnxA=NDExN2VkZmMwNjgxNWVjZTkxNzZhODFjNzI3NGU1YjlkNGJlYThkNjg1MTZiYmYwNzM0NWZmMDU2NjU2NjNlMzSHlQ4uJACHfOARJFq9SdJYHOTtFv2listRDuYDtLBXCxmx3d%2FUbsR12TINH%2F2FLVKUu5wLRQwOe9ue0RTejIo%3D; ref67SN1=ZWM5YmY5OTg2MDMzOGFjYzg4NWZhM2UzY2MxMjdhYzA5ZmIxNDM3YzYxYWRhYTU2OGZmNzg5ZGEyMjU5NzgyNvELzjs5rBQeVPpwv5qc5shBKQviddeUukQj4uZP5xEIgdiK0vPoMWFE3cz4Lb94RzaF84a3OkH5VX8CTGGxcFc%3D</string>
    <string name="https://arolinks.com/q7rp9">AppSession=c0101c06f642c1dc002f43d73f734b4b; refq7rp9=MTg3MmFkMGEzZTM5ZDM3MjI2NDkwOTQ0NmNiNDRkMDZmYjI4OGFlODlkODk1ZTI2OGQ1MWM5ODVhYmQwMDdhMYbwT%2BClGHb%2FcuJZIk%2BMfKhvRfxFSR1mk%2FWCEl5BjToTVm50AmPt8U21ORsUkalIG6%2BiILzr0n%2BvIgaUaVfcNWQ%3D</string>
    <string name="https://pwthor.site/generate.php">PHPSESSID=3b4d9f11529fc3f6683c7941691e09b8; permanent_user_id=693fce261f0640.60255575</string>
    <string name="https://arolinks.com/LVnxA">AppSession=405be1b1ef857a6692fa3b46928670cc; refpwthor7bfb21=NWVhYWI2NTAzYjVkODA5N2VlMWY1ZmVhZTQ5Yjc1MTgwMDVjY2Q0OWZmYjRmOGY0ZWMzZTRmMjE1ZTgwNDFhZj5Av59uWDj2heS%2BTjoKx6bslBQL%2FQk9Z9ouw9089wjw6n7TaEmfrRE9lvsoiPL3%2Bw%3D%3D; refLVnxA=NDExN2VkZmMwNjgxNWVjZTkxNzZhODFjNzI3NGU1YjlkNGJlYThkNjg1MTZiYmYwNzM0NWZmMDU2NjU2NjNlMzSHlQ4uJACHfOARJFq9SdJYHOTtFv2listRDuYDtLBXCxmx3d%2FUbsR12TINH%2F2FLVKUu5wLRQwOe9ue0RTejIo%3D</string>
    <string name="https://arolinks.com/pwthor7bfb21">AppSession=405be1b1ef857a6692fa3b46928670cc; refpwthor7bfb21=NWVhYWI2NTAzYjVkODA5N2VlMWY1ZmVhZTQ5Yjc1MTgwMDVjY2Q0OWZmYjRmOGY0ZWMzZTRmMjE1ZTgwNDFhZj5Av59uWDj2heS%2BTjoKx6bslBQL%2FQk9Z9ouw9089wjw6n7TaEmfrRE9lvsoiPL3%2Bw%3D%3D</string>
    <string name="https://pwthor.site/pw.php">PHPSESSID=3b4d9f11529fc3f6683c7941691e09b8; permanent_user_id=693fce261f0640.60255575; user_key=74ecb3a0a839d3881c0ebcfb</string>
    <string name="https://rolexcoderz.live/Access/">auth_token=success</string>
    <string name="https://www.rolexcoderz.xyz/Course">auth_token=success</string>
    <string name="https://www.rolexcoderz.xyz/access">auth_token=success</string>
    <string name="https://arolinks.com/paeko">AppSession=c0101c06f642c1dc002f43d73f734b4b; refq7rp9=MTg3MmFkMGEzZTM5ZDM3MjI2NDkwOTQ0NmNiNDRkMDZmYjI4OGFlODlkODk1ZTI2OGQ1MWM5ODVhYmQwMDdhMYbwT%2BClGHb%2FcuJZIk%2BMfKhvRfxFSR1mk%2FWCEl5BjToTVm50AmPt8U21ORsUkalIG6%2BiILzr0n%2BvIgaUaVfcNWQ%3D; refpaeko=YmU0YTlkZWNmMzQ1MDRlZTU4MmZmZTY3Y2VlN2I3NTQwNmI0MTE5NjgxNDc5Zjg3NjQyY2Y4YThhZTA1NTdmMUpFhWYJVlRg5tYWN%2BURWDhdAaq9riA%2B2w0AMwdODlvPvuYOCtt2TDpkBcge34cdIz8ECgU1w1MFxKzKbxn%2BcF8%3D</string>
    <string name="https://pwthor.site/key.php">PHPSESSID=3b4d9f11529fc3f6683c7941691e09b8; permanent_user_id=693fce261f0640.60255575</string>
</map>
