<?xml version='1.0' encoding='utf-8' standalone='yes' ?>
<map>
    <long name="fire-count" value="1" />
    <string name="last-used-date">2026-01-09</string>
    <long name="fire-global" value="1767973662656" />
    <set name="kotlin/2.0.21 fire-installations/18.0.0 fire-transport/18.2.0 device-brand/Redmi device-name/excalibur_in fire-android/29 fire-core/21.0.0 fire-core-ktx/21.0.0 android-installer/com.google.android.packageinstaller android-min-sdk/21 android-platform/ fire-fcm/24.0.1 device-model/excalibur android-target-sdk/34">
        <string>2026-01-09</string>
    </set>
</map>
