{"Fid":"cOOR4WxuSZKTiBJ808oBvy","Status":3,"AuthToken":"eyJhbGciOiJFUzI1NiIsInR5cCI6IkpXVCJ9.eyJhcHBJZCI6IjE6NDM2MDYyMTYyOTI4OmFuZHJvaWQ6OTdmOGEyMzBmYmYzNjkzZWI0MTczNSIsImV4cCI6MTc2NjgzNzcyOCwiZmlkIjoiY09PUjRXeHVTWktUaUJKODA4b0J2eSIsInByb2plY3ROdW1iZXIiOjQzNjA2MjE2MjkyOH0.AB2LPV8wRgIhANYATMatn2kAE9HiQW0CCiZ9Eg_SGh6-YX0bHpftubNgAiEAjBcwdMW2kTmWGs4A15quO9IHF_vWFJK_ZLvTvGb6jfE","RefreshToken":"3_AS3qfwLaMf3CrfxjTNzbdVzAWQacNZgbkTxkOBkTqA8f8hQkKH4o0zm8Ayzf8HVPRXVHkRKRA06eAloK36Rofgfym5FNMiN88i0XXxlHBJAlFQ","TokenCreationEpochInSecs":1766232928,"ExpiresInSecs":604800}