<?xml version='1.0' encoding='utf-8' standalone='yes' ?>
<map>
    <long name="sites_visited_weekly_time" value="1767791710053" />
    <set name="related_sites_visited_weekly_set" />
    <string name="origins_visited_date">1/7/26</string>
    <set name="sites_visited_weekly_set">
        <string>1414363370</string>
        <string>1770094638</string>
    </set>
    <set name="origins_visited_set">
        <string>62414285</string>
        <string>169089804</string>
        <string>483043581</string>
    </set>
</map>
