<?xml version='1.0' encoding='utf-8' standalone='yes' ?>
<map>
    <long name="sites_visited_weekly_time" value="1765621791311" />
    <set name="related_sites_visited_weekly_set" />
    <string name="origins_visited_date">12/14/25</string>
    <set name="origins_visited_set">
        <string>2879656757</string>
        <string>62414285</string>
        <string>169089804</string>
        <string>2624817565</string>
        <string>483043581</string>
    </set>
    <set name="sites_visited_weekly_set">
        <string>2737383513</string>
        <string>184895871</string>
        <string>1414363370</string>
        <string>1364078701</string>
        <string>1770094638</string>
    </set>
</map>
