<?xml version='1.0' encoding='utf-8' standalone='yes' ?>
<map>
    <string name="https://pwthor.site/generate.php">PHPSESSID=82243e249b26c4670a3d04b3852cd6ba; permanent_user_id=693d401f71fe78.22460069; user_key=7cdcffe42163f10d98c5eefe</string>
    <string name="https://arolinks.com/pwthor229716">AppSession=44543be5b50903257af86accef70c991; refpwthor229716=MWVjMDkyMWYyMDNiM2QyMDI2MDc3ZWEwZGFhZTI2Y2ZiMGVlNDNhZmE1MDgxOWY2NWM0ZGRmZDBjZGY2ZjQxYusHIbTv4txFFCWaTWMGpYfBkVpp4oamfR6EbqeMD7w3UPdggRWsDcqN%2FWm1iG6img%3D%3D</string>
    <string name="https://pwthor.site/pw.php">PHPSESSID=82243e249b26c4670a3d04b3852cd6ba; permanent_user_id=693d401f71fe78.22460069; user_key=7cdcffe42163f10d98c5eefe</string>
    <string name="https://rolexcoderz.live/Access/">auth_token=success</string>
    <string name="https://www.rolexcoderz.xyz/Course">auth_token=success</string>
    <string name="https://www.rolexcoderz.xyz/10thAbhay">auth_token=success</string>
    <string name="https://www.rolexcoderz.xyz/access">auth_token=success</string>
    <string name="https://pwthor.site/key.php">PHPSESSID=82243e249b26c4670a3d04b3852cd6ba; permanent_user_id=693d401f71fe78.22460069</string>
</map>
