<?xml version='1.0' encoding='utf-8' standalone='yes' ?>
<map>
    <long name="fire-count" value="1" />
    <string name="last-used-date">2025-12-14</string>
    <long name="fire-global" value="1765712925377" />
    <set name="kotlin/2.0.21 android-installer/com.tom.rv2ide fire-installations/18.0.0 fire-transport/18.2.0 device-model/m23xq device-brand/samsung fire-android/34 fire-core/21.0.0 device-name/m23xqdd fire-core-ktx/21.0.0 android-platform/ android-min-sdk/21 fire-fcm/24.0.1 android-target-sdk/34">
        <string>2025-12-14</string>
    </set>
</map>
