<?xml version='1.0' encoding='utf-8' standalone='yes' ?>
<map>
    <long name="sites_visited_weekly_time" value="1765365967220" />
    <set name="related_sites_visited_weekly_set" />
    <string name="origins_visited_date">12/10/25</string>
    <set name="sites_visited_weekly_set">
        <string>0</string>
        <string>2737383513</string>
        <string>631130267</string>
        <string>1364078701</string>
        <string>664947471</string>
    </set>
    <set name="origins_visited_set">
        <string>1169271134</string>
        <string>2879656757</string>
        <string>2624817565</string>
        <string>2741061897</string>
        <string>1558802398</string>
    </set>
</map>
