{"Fid":"c-Fk7pEzRPGCn_-vhm-w90","Status":3,"AuthToken":"eyJhbGciOiJFUzI1NiIsInR5cCI6IkpXVCJ9.eyJhcHBJZCI6IjE6NDM2MDYyMTYyOTI4OmFuZHJvaWQ6OTdmOGEyMzBmYmYzNjkzZWI0MTczNSIsImV4cCI6MTc2NzUxOTE0NywiZmlkIjoiYy1GazdwRXpSUEdDbl8tdmhtLXc5MCIsInByb2plY3ROdW1iZXIiOjQzNjA2MjE2MjkyOH0.AB2LPV8wRgIhALBQOGGrq040zEcbjlFvqw3G6GxmKHBMh_oSdmgksKmNAiEA-6dB1AtpVRj765DFdN4JvJxnpgPfMySj7us2DHYGcXU","RefreshToken":"3_AS3qfwLegxr8pBTri-qWBxwj-MQqCMJK4XtGTaAVI7hcVHoAwnJf5Q0z4Hbh2h6b6DjPk7hiFcprECRyn4fj9kxWc9HIggK5V5KPE5J6cC5MGZg","TokenCreationEpochInSecs":1766914347,"ExpiresInSecs":604800}