<?xml version='1.0' encoding='utf-8' standalone='yes' ?>
<map>
    <set name="kotlin/2.0.21 android-installer/com.tom.rv2ide fire-transport/18.2.0 fire-installations/18.0.0 device-model/m23xq device-brand/samsung fire-android/34 fire-core/21.0.0 device-name/m23xqdd fire-core-ktx/21.0.0 android-min-sdk/21 android-platform/ fire-fcm/24.0.1 android-target-sdk/34">
        <string>2025-12-15</string>
    </set>
    <long name="fire-count" value="2" />
    <string name="last-used-date">2025-12-16</string>
    <long name="fire-global" value="1765901588530" />
</map>
