<?xml version='1.0' encoding='utf-8' standalone='yes' ?>
<map>
    <set name="kotlin/2.0.21 device-model/RE5CA3L1 fire-installations/18.0.0 fire-transport/18.2.0 device-brand/realme fire-android/35 fire-core/21.0.0 fire-core-ktx/21.0.0 android-installer/com.google.android.packageinstaller android-platform/ android-min-sdk/21 fire-fcm/24.0.1 device-name/RMX3987IN android-target-sdk/34">
        <string>2025-12-26</string>
    </set>
    <long name="fire-count" value="1" />
    <string name="last-used-date">2025-12-26</string>
    <long name="fire-global" value="1766750650019" />
</map>
